[
    {
        "type": "text",
        "text": "Intelligent Duct Smoke Detector Housing SIGA-DH ",
        "text_level": 1,
        "page_idx": 0
    },
    {
        "type": "text",
        "text": "Overview ",
        "text_level": 1,
        "page_idx": 0
    },
    {
        "type": "text",
        "text": "The SIGA-DH Duct Smoke Detector Housing is specially engineered to exploit all the capabilities of Signature Series intelligent photoelectric and multisensor smoke detectors. EDWARDS Signature Series detectors gather analog information from each of their one or more sensing elements and converts it into digital signals. The detector’s onboard microprocessor measures and analyzes these signals. It compares them to historical readings, time patterns and known characteristics to make an alarm decision. Digital filters and complex Algorithms are applied for optimum detector accuracy. Unwanted alarms are virtually eliminated. ",
        "page_idx": 0
    },
    {
        "type": "text",
        "text": "Each duct housing is packaged with detailed installation instructions, gaskets and a self-adhesive drilling template for locating and mounting the detector. The large access door is completely removable to allow fast detector installation and field wiring connections. The 16 gauge steel housing is finished in red baked enamel for easy identification. Five one-gang knockouts on the housing provide a convenient location for mounting intelligent Signature Series modules. ",
        "page_idx": 0
    },
    {
        "type": "text",
        "text": "The SIGA-DH Duct Housing comes with a 6 inch $:150\\;\\mathsf{m m})$ exhaust tube. Air sampling tubes are available in lengths from 8 inches $(200\\;\\mathsf{m m})$ to 10 feet $(3048\\,\\mathsf{m m})$ ) and must be ordered separately. Compatible smoke detectors, mounting bases, and accessories are listed in the Ordering Information. Refer to individual device catalog literature pages for more detail. ",
        "page_idx": 0
    },
    {
        "type": "text",
        "text": "Standard Features ",
        "text_level": 1,
        "page_idx": 0
    },
    {
        "type": "text",
        "text": "Suitable for high air velocity duct applications Up to 4000 ft/min. $(20.3\\;\\mathsf{m}/\\mathsf{s e c}.$ .) with Photoelectric Detector.   \nStandard Signature Series detectors Designed for use with standard 4D, 3D, and Photoelectric Signature Series smoke detectors. Does not require “special” duct smoke heads. Standard, relay, or isolator detector base Detector plugs-in to base then easily installs into housing.   \n•\t Install in ducts up to 10 ft. $(3.05\\;\\mathsf{m})$ wide   \n•\t Remote LED and test station accessories   \n•\t Designed and manufactured to ISO 9001 standards ",
        "page_idx": 0
    },
    {
        "type": "text",
        "text": "Typical Wiring ",
        "text_level": 1,
        "page_idx": 0
    },
    {
        "type": "text",
        "text": "The detector mounting bases and test station will accept #18 AWG $(0.75\\mathsf{m m}^{2})$ , #16 $(1.0\\mathsf{m m}^{2})$ , #14 AWG $(1.50\\mathsf{m m}^{2})$ and #12 AWG $(2.5\\;\\mathrm{mm}^{2})$ wire sizes. Note:  #14 AWG $(1.5\\;\\mathrm{mm}^{2})$ is not recommended due to difficulty of installation. See Loop Controller and Detector catalog sheets for detailed wiring requirement specifications. ",
        "page_idx": 0
    },
    {
        "type": "text",
        "text": "Application ",
        "text_level": 1,
        "page_idx": 1
    },
    {
        "type": "text",
        "text": "The SIGA-DH Duct Smoke Detector Housing requires a clear, flat, accessible area on the duct of at least 7-3/8 inches (188mm) $\\mathsf{W}\\times7$ inches (175mm) H. The duct housing must be installed on ducts at least 8 inches (200mm) wide. Duct detectors are usually installed on the supply duct after the air filters; or in the return air stream prior to being diluted by outside air. ",
        "page_idx": 1
    },
    {
        "type": "text",
        "text": "Sample tube length must span the entire width of the air duct and the tube can be easily cut to any length. Inlet tubes longer than 3 ft.(900mm) must be supported at both ends. ",
        "page_idx": 1
    },
    {
        "type": "text",
        "text": "Duct detectors continually sample air flow in a HVAC duct and initiate an alarm condition whenever smoke is detected. An alarm is activated when the quantity (percent obscuration) of combustion products in that air sample exceeds the detector’s sensitivity setting. ",
        "page_idx": 1
    },
    {
        "type": "text",
        "text": "Air velocity in the duct maintains the air flow that enters the detector housing through perforations in the air sampling inlet tube and discharges through the outlet exhaust tube. The detector housing must be installed with its INLET air sampling tube upstream of the EXHAUST tube. Before installing the duct detector housing, test the duct air velocity to verify it is within the limits of the Signature smoke detector that is being installed. Also verify that duct air relative humidity is within $0\\%$ and $93\\%$ .",
        "page_idx": 1
    },
    {
        "type": "text",
        "text": "WARNING: Duct detectors have specific limitations. Duct detectors ARE NOT a substitute for an open area smoke detector. Duct detectors ARE NOT a substitute for early warning detection. Duct detectors ARE NOT a replacement for a building’s regular fire detection system. Smoke detectors ARE NOT designed to detect toxic gases which can build up to hazardous levels in some  fires. These devices WILL NOT operate without electrical power. As fires frequently  cause power interruptions, EDWARDS suggests you discuss further safeguards with  your local fire protection specialist. ",
        "page_idx": 1
    },
    {
        "type": "text",
        "text": "Installation and Mounting ",
        "text_level": 1,
        "page_idx": 1
    },
    {
        "type": "text",
        "text": "EDWARDS recommends duct detectors always be installed in accordance with the latest recognized editions of local and national fire alarm codes. ",
        "page_idx": 1
    },
    {
        "type": "text",
        "text": "Typical Wiring ",
        "text_level": 1,
        "page_idx": 1
    },
    {
        "type": "text",
        "text": "The detector mounting bases and test station will accept #18 AWG $(0.75\\mathsf{m m}^{2})$ , #16 $(1.0\\mathsf{m m}^{2})$ , #14 AWG $(1\\,.50\\mathsf{m m}^{2})$ and $\\#12$ AWG $(2.5\\;\\mathrm{mm}^{2})$ wire sizes. Note:  #14 AWG $(1.5\\;\\mathrm{mm}^{2})$ is not recommended due to difficulty of installation. See Loop Controller and Detector catalog sheets for detailed wiring requirement specifications. ",
        "page_idx": 1
    },
    {
        "type": "text",
        "text": "Accessories ",
        "text_level": 1,
        "page_idx": 1
    },
    {
        "type": "text",
        "text": "Duct Detector Air Sampling Tubes ",
        "text_level": 1,
        "page_idx": 1
    },
    {
        "type": "text",
        "text": "One air sampling inlet tube must be ordered for each duct smoke detector housing. Refer to Ordering Information for available lengths. ",
        "page_idx": 1
    },
    {
        "type": "text",
        "text": "Detector Mounting Bases ",
        "text_level": 1,
        "page_idx": 1
    },
    {
        "type": "text",
        "text": "One detector mounting base must be ordered for each duct smoke housing. Removing a detector from its base (except isolator base) does not affect other devices operating on the same data loop. Available bases are: ",
        "page_idx": 1
    },
    {
        "type": "text",
        "text": "Standard Base SIGA-SB - This is the basic mounting base. The SIGA-LED Remote LED is supported by the Standard Base. ",
        "page_idx": 1
    },
    {
        "type": "image",
        "img_path": "images/de2d330517780dcd9bb07532a5cf6ba9939ca0813ea8f566cc0ab8ded148ed63.jpg",
        "img_caption": [],
        "img_footnote": [],
        "page_idx": 1
    },
    {
        "type": "text",
        "text": "Relay Base SIGA-RB - This base includes a relay. Normally open or closed operation is selected during installation. The dry contact is rated for 1 amp $@$ 30 Vdc (pilot duty). The relay’s position is supervised to avoid accidentally jarring it out of position. The SIGA-RB can be operated as a control relay if programmed to do so at the control panel (EST3 V. 2 only). The Relay Base does not support the SIGA-LED Remote LED. Relay bases are not affected or activated by the SIGA-DTS Duct Test Station. ",
        "page_idx": 1
    },
    {
        "type": "text",
        "text": "",
        "page_idx": 1
    },
    {
        "type": "text",
        "text": "Isolator Base SIGA-IB - This base includes a built-in line fault isolator. A detector must be installed for it to operate. The integral isolator relay is controlled by the detector or the loop controller. A maximum of 96 isolator bases can be installed on one loop. The Isolator Base does not support the SIGA-LED Remote LED. ",
        "page_idx": 1
    },
    {
        "type": "image",
        "img_path": "images/4cbac2ff929a9ce759d5d6c4e7e815bf4de51a7f0e09050e914c60fa27683184.jpg",
        "img_caption": [],
        "img_footnote": [],
        "page_idx": 1
    },
    {
        "type": "text",
        "text": "Alarm LED Indicator ",
        "text_level": 1,
        "page_idx": 1
    },
    {
        "type": "text",
        "text": "The SIGA-LED Alarm Indicator is suitable for use with the SIGA-SB detector base only. A maximum of one can be operated for each detector. It features a red LED on a one-gang plastic plate and can be installed remote or directly on the SIGA-DH Duct Housing. ",
        "page_idx": 1
    },
    {
        "type": "text",
        "text": "Duct Test Station ",
        "text_level": 1,
        "page_idx": 1
    },
    {
        "type": "text",
        "text": "The SIGA-DTS Duct Test Station uses a key switch along with an integral intelligent input module mounted on a two-gang plastic plate. It is supplied with two keys and features a red alarm LED. ",
        "page_idx": 1
    },
    {
        "type": "image",
        "img_path": "images/e93673c38f0bf3e941f5b3dc6985ceea783b87f63e6545f905f087a5637b5574.jpg",
        "img_caption": [],
        "img_footnote": [],
        "page_idx": 1
    },
    {
        "type": "text",
        "text": "When the key is turned to the “TEST” position, the LED lights and the integral module remotely inputs a duct detector test alarm. The actions and sequences programmed at the control panel to activate dampers and other smoke control measures, are easily tested. Detector relay bases are not affected or activated. Resetting the control panel clears the test and returns the system to normal. The key cannot be removed when in the “TEST” position. ",
        "page_idx": 1
    },
    {
        "type": "text",
        "text": "",
        "page_idx": 1
    },
    {
        "type": "text",
        "text": "The Duct Test Station mounts to standard 2-inch deep North American two-gang and 4-inch square electric boxes and European 100 mm square boxes. ",
        "page_idx": 1
    },
    {
        "type": "text",
        "text": "Air Velocity Test Kit ",
        "text_level": 1,
        "page_idx": 1
    },
    {
        "type": "text",
        "text": "The 6263-SG Air Velocity Test Kit is specially designed to interface to the SIGA-DH Duct Housing. It is used to test or confirm the air velocity in HVAC ducts where the duct housing is installed. ",
        "page_idx": 1
    },
    {
        "type": "table",
        "img_path": "images/b725085a752513834cd27f309430c3fdbbcceeb5676fb3b5cd9e55c6eb6feffe.jpg",
        "table_caption": [],
        "table_footnote": [
            ""
        ],
        "table_body": "\n\n<table><tr><th colspan='2'>Compatible Smoke Detectors</th><th>SIGA-PS</th><th>SIGA-PHS</th><th>SIGA-IPHS</th></tr><tr><td rowspan='3'>Smoke Sensing Element(s)</td><td></td><td></td><td>Ionization</td><td></td></tr><tr><td>Photoelectric</td><td>Photoelectric</td><td>- Unipolar Photoelectric</td><td></td></tr><tr><td>- Light Scattering Principle</td><td>- Light Scattering Principle Heat -</td><td>- Light Scattering Principle Heat</td><td>- Alarms at 65°F (35°C) change in</td></tr><tr><td rowspan='2'>Air Velocity Range</td><td></td><td>300 to 4000 ft/min.</td><td></td><td>ambient temperature</td></tr><tr><td></td><td>(1.5 to 20.3 m/sec)</td><td>300 to 1000 ft/min.</td><td>(1.5 to 5.0 m/sec)</td></tr><tr><td rowspan='3'>Operating Environment</td><td></td><td></td><td></td><td></td></tr><tr><td>Temperature: 32 – 120°F (0 to 49°C)</td><td></td><td></td><td></td></tr><tr></td><td>Humidity: 0 to 93% RH, non-condensing</td><td>Temperature: 32 – 100°F (0 - 38°C)</td><td></td></tr><tr><td>Storage Environment</td><td>Temperature: -4 to 140°F (-20 to 60°C); Humidity: 0 to 93\\% RH, non-condensing</td><td>Humidity: 0 to 93\\% RH, non-condensing</td><td></td></tr><tr><td>UPL/ULC Sensitivity Range</td><td></td><td>0.67\\% to 3.77\\% obscuration/foot (305mm)</td><td></td><td>0.67\\% to 3.70\\%</td></tr><tr><td>Dimensions</td><td></td><td></td><td>obscuration/foot (305mm)</td><td></td></tr><tr><td>Material and Finish</td><td>7-3/8 inches (188mm) W x 7 inches (178mm) H x 5 inches (127mm) D</td><td></td><td></td><td></td></tr><tr><th>Conduit Knockouts</th><th>16 Gauge Cold Rolled Steel, Red - Baked Enamel</th><th></th><th></th><th></th></tr><tr><td>Agency Approvals</td><td>Combination 1/2 inch & 3/4 inch</td><td></td><td></td><td></td></tr><tr>User Selected Sensitivity Settings</td><td>UL, ULC, MEA, CSFM</td><td></td><td></td><td></td></tr><tr>Pre-alarm Sensitivity</td><td>Least Sensitive: 3.5\\%; Less Sensitive: 3.0\\%; Normal: 2.5\\%; More Sensitive: 2.0\\%; Most Sensitive: 1.0\\%</td><td></td><td></td><td></td></tr><tr rowspan='2'>Electrical, Physical Characteristics</td><td>5 \\% increments, allowing up to 20 pre-alarm settings</td><td></td><td></td><td></td></tr><tr></td><td>Refer to individual detector catalog sheets</td><td></td><td></td><td></td></tr><tr>Compatible Mounting Bases</td><td>SIGA-SB Standard Base, SIGA-RB Relay Base, SIGA-IB Isolator Base</td><td></td><td></td><td></td></tr><tr>Adderable Remote LED</td><td></td><td>SIGA-LED (LED flashes when in alarm)</td><td></td><td></td></tr><tr>Controller Compatibility</td><td></td><td>SIGNATURE Loop Controller</td><td></td><td></td></tr><tr>Addressing Restrictions</td><td></td><td>Uses one Input Device Address</td><td></td><td></td></tr><tr><td rowspan='3'>Note:</td><td></td><td></td><td></td><td></td></td></tr><tr><td>The SIGA-DH Duct Housing is not, weatherproof or dust tight.</td><td></td><td></td><td></td></tr><tr></tr></table>\n\n",
        "page_idx": 2
    },
    {
        "type": "table",
        "img_path": "images/d7ee48f608bfc10cf1dae13b9ce3145f43fae438399ce06ff8ee07c99c6aae30.jpg",
        "table_caption": [
            "SIGA-DTS Duct Test Housing "
        ],
        "table_footnote": [],
        "table_body": "\n\n<table><tr><th>SIGA-DIS Duct Test Housing</th></tr><tr><td>Operating Current</td><td>Standby = 250mA; Activated = 400mA</td></tr><tr><td>Operating Voltage</td><td>15.2 to 19.95 Vdc (19 Vdc nominal)</td></tr><tr><td>Replacement Key</td><td>p/n - P-037449</td></tr><tr><td>Storage and Operating Temperature</td><td>32 to 120°F (0 to 49°C)</td></tr><tr><td>Onboard LED Operation</td><td>Red LED - flashes when in alarm or test state</td></tr><tr><td>Mounting</td><td>North American electric box: 2 inch deep 2-gang or 4 inch square;</td></tr><tr><td>Construction &amp; Finish</td><td>High Impact Engineered Plastic 2-gang front plate - White</td></tr><tr><td>Addressing Restrictions</td><td>Uses one Module Address</td></tr></table>\n\n",
        "page_idx": 2
    },
    {
        "type": "table",
        "img_path": "images/1f5c8c9092a13b5b58e5feac76e40628c4ead2ee8a286e30f8cb284f40194881.jpg",
        "table_caption": [
            "Ordering Information "
        ],
        "table_footnote": [],
        "table_body": "\n\n<table><tr><th colspan='1'>Catalog Number</th><th>Description</th><th>Ship Wt Ib. (kg)</th></tr><tr><td>SIGA-DH</td><td>Duct Detector Housing</td><td>6.5 (3.0)</td></tr><tr><td rowspan='3'>Sampling Tubes</td><td></td><td></td></tr><tr><td></td><td></td></tr><tr><td>8 inch (200mm) Air Sampling Inlet Tube</td><td>0.25 (0.1)</td></tr><tr><td>6261-001</td><td>24 inch (600mm) Air Sampling Inlet Tube</td><td>0.5 (0.2)</td></tr><tr><td>6261-002</td><td>42 inch (1060mm) Air Sampling Inlet Tube</td><td>1.6 (0.8)</td></tr><tr><td>6261-003</td><td>78 inch (1980mm) Air Sampling Inlet Tube</td><td>2.2 (1.0)</td></tr><tr><td>6261-006</td><td>120 inch (3048mm) Air Sampling Inlet Tube</td><td>4.4 (2.0)</td></tr><tr><td>6261-010</td><td>120 inch (3048mm) Air Sampling InLET</td><td></td></tr><tr><td rowspan='3'>Compatible Detectors and Bases</td><td></td><td></td></tr><tr><td>4D Multisensor Detector</td><td>0.5 (0.23)</td></tr><tr><td>3D Multisensor Detector</td><td>0.5 (0.23)</th></tr><tr><td>SIGA-PS</td><td>Photoelectric Detector</td><td>0.5 (0.23)</td></tr|<tr><td>SIGA-SB</td><td>Standard Base</td><td>0.5 (0.23)</td></tr></table>\n\n",
        "page_idx": 3
    }
]